AA,Codon,dM
F,TTT,0
F,TTC,0.882696161823787
L,TTA,-0.578497493871877
L,TTG,0
S,TCT,0
S,TCC,0.882696161823787
S,TCA,0.237173076285451
S,TCG,0.815670570157328
Y,TAT,0
Y,TAC,0.882696161823787
C,TGT,0
C,TGC,0.882696161823787
L,CTT,0.0670255916664585
L,CTC,0.949721753490245
L,CTA,0.30419866795191
L,CTG,0.882696161823787
P,CCT,0
P,CCC,0.882696161823787
P,CCA,0.237173076285451
P,CCG,0.815670570157328
H,CAT,0
H,CAC,0.882696161823787
Q,CAA,-0.578497493871877
Q,CAG,0
R,CGT,0
R,CGC,0.882696161823787
R,CGA,0.237173076285451
R,CGG,0.815670570157328
I,ATT,0
I,ATC,0.882696161823787
I,ATA,0.237173076285451
T,ACT,0
T,ACC,0.882696161823787
T,ACA,0.237173076285451
T,ACG,0.815670570157328
N,AAT,0
N,AAC,0.882696161823787
K,AAA,-0.578497493871877
K,AAG,0
Z,AGT,0
Z,AGC,0.882696161823787
R,AGA,-0.408350009252884
R,AGG,0.170147484618993
V,GTT,0
V,GTC,0.882696161823787
V,GTA,0.237173076285451
V,GTG,0.815670570157328
A,GCT,0
A,GCC,0.882696161823787
A,GCA,0.237173076285451
A,GCG,0.815670570157328
D,GAT,0
D,GAC,0.882696161823787
E,GAA,-0.578497493871877
E,GAG,0
G,GGT,0
G,GGC,0.882696161823787
G,GGA,0.237173076285451
G,GGG,0.815670570157328
