AA,Codon,dM
F,TTT,0
F,TTC,0.572793369814758
L,TTA,-0.560953472828734
L,TTG,0
S,TCT,0
S,TCC,0.572793369814759
S,TCA,0.0072328529132475
S,TCG,0.568186325741982
Y,TAT,0
Y,TAC,0.572793369814758
C,TGT,0
C,TGC,0.572793369814758
L,CTT,0.00460704407277692
L,CTC,0.577400413887535
L,CTA,0.0118398969860244
L,CTG,0.572793369814758
P,CCT,0
P,CCC,0.572793369814758
P,CCA,0.00723285291324728
P,CCG,0.568186325741982
H,CAT,0
H,CAC,0.572793369814758
Q,CAA,-0.560953472828734
Q,CAG,0
R,CGT,0
R,CGC,0.572793369814758
R,CGA,0.0072328529132475
R,CGG,0.568186325741981
I,ATT,0
I,ATC,0.572793369814758
I,ATA,0.0072328529132475
T,ACT,0
T,ACC,0.572793369814758
T,ACA,0.00723285291324728
T,ACG,0.568186325741981
N,AAT,0
N,AAC,0.572793369814758
K,AAA,-0.560953472828734
K,AAG,0
Z,AGT,0
Z,AGC,0.572793369814759
R,AGA,-0.558327663988264
R,AGG,0.00262580884047042
V,GTT,0
V,GTC,0.572793369814758
V,GTA,0.00723285291324728
V,GTG,0.568186325741981
A,GCT,0
A,GCC,0.572793369814758
A,GCA,0.0072328529132475
A,GCG,0.568186325741981
D,GAT,0
D,GAC,0.572793369814759
E,GAA,-0.560953472828734
E,GAG,0
G,GGT,0
G,GGC,0.572793369814758
G,GGA,0.0072328529132475
G,GGG,0.568186325741981
