AA,Codon,dM
F,TTT,0
F,TTC,0.877410193338162
L,TTA,-0.516862927123972
L,TTG,0
S,TCT,0
S,TCC,0.877410193338162
S,TCA,0.263742992996822
S,TCG,0.780605920120794
Y,TAT,0
Y,TAC,0.877410193338162
C,TGT,0
C,TGC,0.877410193338162
L,CTT,0.0968042732173681
L,CTC,0.97421446655553
L,CTA,0.36054726621419
L,CTG,0.877410193338162
P,CCT,0
P,CCC,0.877410193338162
P,CCA,0.263742992996822
P,CCG,0.780605920120794
H,CAT,0
H,CAC,0.877410193338162
Q,CAA,-0.516862927123972
Q,CAG,0
R,CGT,0
R,CGC,0.877410193338162
R,CGA,0.263742992996822
R,CGG,0.780605920120794
I,ATT,0
I,ATC,0.877410193338162
I,ATA,0.263742992996822
T,ACT,0
T,ACC,0.877410193338162
T,ACA,0.263742992996822
T,ACG,0.780605920120794
N,AAT,0
N,AAC,0.877410193338162
K,AAA,-0.516862927123972
K,AAG,0
Z,AGT,0
Z,AGC,0.877410193338162
R,AGA,-0.349924207344518
R,AGG,0.166938719779454
V,GTT,0
V,GTC,0.877410193338162
V,GTA,0.263742992996822
V,GTG,0.780605920120794
A,GCT,0
A,GCC,0.877410193338162
A,GCA,0.263742992996822
A,GCG,0.780605920120794
D,GAT,0
D,GAC,0.877410193338162
E,GAA,-0.516862927123972
E,GAG,0
G,GGT,0
G,GGC,0.877410193338162
G,GGA,0.263742992996822
G,GGG,0.780605920120794
