AA,Codon,dM
F,TTT,0
F,TTC,0.528093433643062
L,TTA,-0.520678595567896
L,TTG,0
S,TCT,0
S,TCC,0.528093433643063
S,TCA,0.00300044002608367
S,TCG,0.52367903559398
Y,TAT,0
Y,TAC,0.528093433643063
C,TGT,0
C,TGC,0.528093433643063
L,CTT,0.00441439804908248
L,CTC,0.532507831692145
L,CTA,0.00741483807516613
L,CTG,0.528093433643063
P,CCT,0
P,CCC,0.528093433643063
P,CCA,0.00300044002608367
P,CCG,0.52367903559398
H,CAT,0
H,CAC,0.528093433643063
Q,CAA,-0.520678595567896
Q,CAG,0
R,CGT,0
R,CGC,0.528093433643063
R,CGA,0.00300044002608367
R,CGG,0.52367903559398
I,ATT,0
I,ATC,0.528093433643063
I,ATA,0.00300044002608389
T,ACT,0
T,ACC,0.528093433643063
T,ACA,0.00300044002608389
T,ACG,0.52367903559398
N,AAT,0
N,AAC,0.528093433643063
K,AAA,-0.520678595567896
K,AAG,0
Z,AGT,0
Z,AGC,0.528093433643063
R,AGA,-0.522092553590895
R,AGG,-0.00141395802299875
V,GTT,0
V,GTC,0.528093433643063
V,GTA,0.00300044002608367
V,GTG,0.52367903559398
A,GCT,0
A,GCC,0.528093433643063
A,GCA,0.00300044002608367
A,GCG,0.52367903559398
D,GAT,0
D,GAC,0.528093433643063
E,GAA,-0.520678595567897
E,GAG,0
G,GGT,0
G,GGC,0.528093433643062
G,GGA,0.00300044002608367
G,GGG,0.52367903559398
